Designator,Val,Package,Mid X,Mid Y,Rotation,Layer
C1,100n,C_0402_1005Metric,258.729376,-193.714123,0.0,top
C10,1u,C_0402_1005Metric,259.229376,-192.704123,0.0,top
C11,1u,C_0402_1005Metric,259.219376,-191.694123,0.0,top
C12,100n,C_0402_1005Metric,262.749376,-193.699123,90.0,top
C13,10u,C_0805_2012Metric,285.499376,-199.524123,0.0,top
C14,15p,C_0805_2012Metric,243.889376,-186.024123,-90.0,top
C15,15p,C_0805_2012Metric,249.539376,-184.114123,90.0,top
C16,10u,C_0805_2012Metric,270.039376,-184.294123,-90.0,top
C17,100n,C_0402_1005Metric,234.219376,-196.487623,-90.0,top
C18,100n,C_0805_2012Metric,247.519376,-200.777623,-135.0,top
C19,10u,C_0402_1005Metric,233.999376,-180.807623,-90.0,top
C2,100n,C_0402_1005Metric,259.229376,-189.964123,0.0,top
C20,10u,C_0805_2012Metric,101.715876,-90.754123,90.0,top
C21,10u,C_0805_2012Metric,113.729376,-88.194123,90.0,top
C22,100n,C_0805_2012Metric,97.385876,-117.164123,45.0,top
C23,100n,C_0402_1005Metric,99.349376,-140.584123,0.0,top
C24,100n,C_0805_2012Metric,100.965876,-120.504123,90.0,top
C25,10u,C_0805_2012Metric,109.869376,-96.004123,-90.0,top
C3,100n,C_0402_1005Metric,256.939376,-183.767623,90.0,top
C4,100n,C_0402_1005Metric,246.869376,-189.984123,180.0,top
C5,100n,C_0402_1005Metric,256.149376,-194.754123,-90.0,top
C6,100n,C_0402_1005Metric,252.549376,-194.744123,-90.0,top
C7,100n,C_0402_1005Metric,252.529376,-183.574123,90.0,top
C8,100n,C_0402_1005Metric,259.869376,-188.954123,0.0,top
C9,100n,C_0402_1005Metric,247.279376,-191.094123,180.0,top
D1,D_Small,D_SOD-123,271.796892,-94.174123,180.0,bottom
D10,D_Small,D_SOD-123,260.366883,-177.994123,180.0,bottom
D11,D_Small,D_SOD-123,231.791892,-94.174123,180.0,bottom
D12,D_Small,D_SOD-123,237.506886,-115.129123,180.0,bottom
D13,D_Small,D_SOD-123,247.984376,-136.084123,180.0,bottom
D14,D_Small,D_SOD-123,244.17438,-157.039123,180.0,bottom
D15,D_Small,D_SOD-123,240.364383,-177.994123,180.0,bottom
D16,D_Small,D_SOD-123,216.008154,-170.604664,200.0,bottom
D17,D_Small,D_SOD-123,208.811235,-190.23183,200.0,bottom
D18,D_Small,D_SOD-123,191.773165,-175.921451,200.0,bottom
D19,LED,LED_0603_1608Metric,256.199376,-199.425123,90.0,top
D2,D_Small,D_SOD-123,277.511886,-115.129123,180.0,bottom
D20,LED,LED_0603_1608Metric,254.359376,-199.427623,90.0,top
D21,D_Small,D_SOD-123,129.435878,-89.904116,90.0,bottom
D22,D_Small,D_SOD-123,150.390878,-86.094119,90.0,bottom
D23,D_Small,D_SOD-123,171.345878,-82.284123,90.0,bottom
D24,D_Small,D_SOD-123,192.300878,-92.761613,90.0,bottom
D25,D_Small,D_SOD-123,213.255878,-98.476607,90.0,bottom
D26,D_Small,D_SOD-123,129.435878,-109.906616,90.0,bottom
D27,D_Small,D_SOD-123,150.390878,-106.096619,90.0,bottom
D28,D_Small,D_SOD-123,171.345878,-102.286623,90.0,bottom
D29,D_Small,D_SOD-123,192.300878,-112.764113,90.0,bottom
D3,D_Small,D_SOD-123,287.989376,-136.084123,180.0,bottom
D30,D_Small,D_SOD-123,213.255878,-118.479107,90.0,bottom
D31,D_Small,D_SOD-123,129.435878,-129.909116,90.0,bottom
D32,D_Small,D_SOD-123,150.390878,-126.099119,90.0,bottom
D33,D_Small,D_SOD-123,171.345878,-122.289123,90.0,bottom
D34,D_Small,D_SOD-123,192.300878,-132.766613,90.0,bottom
D35,D_Small,D_SOD-123,213.255878,-138.481607,90.0,bottom
D36,D_Small,D_SOD-123,116.585405,-157.98734,70.0,bottom
D37,D_Small,D_SOD-123,136.212591,-150.790421,70.0,bottom
D38,D_Small,D_SOD-123,130.895805,-175.02541,70.0,bottom
D39,LED_Small,LED_0603_1608Metric,96.028376,-129.444123,180.0,top
D4,D_Small,D_SOD-123,284.17938,-157.039123,180.0,bottom
D40,LED_Small,LED_0603_1608Metric,96.028376,-126.854123,180.0,top
D41,LED_Small,LED_0603_1608Metric,96.028376,-124.264123,180.0,top
D5,D_Small,D_SOD-123,280.369383,-177.994123,180.0,bottom
D6,D_Small,D_SOD-123,251.794392,-94.174123,180.0,bottom
D7,D_Small,D_SOD-123,257.509386,-115.129123,180.0,bottom
D8,D_Small,D_SOD-123,267.986876,-136.084123,180.0,bottom
D9,D_Small,D_SOD-123,264.17688,-157.039123,180.0,bottom
F1,Polyfuse_Small,Fuse_1206_3216Metric,285.749376,-196.774123,180.0,top
F2,Polyfuse_Small,Fuse_1206_3216Metric,278.499376,-199.774123,180.0,top
F3,Polyfuse_Small,Fuse_1206_3216Metric,97.665876,-91.554123,0.0,top
IC1,PCA9956BTWY,HTSSOP38_4P4X9P7_NXP,229.719376,-191.615423,-90.0,top
IC2,PCA9956BTWY,HTSSOP38_4P4X9P7_NXP,104.337176,-136.104123,180.0,top
J2,4P4C,RJ9_Evercom_5301-440xxx_Horizontal,269.589376,-197.701623,0.0,top
J3,4P4C,RJ9_Evercom_5301-440xxx_Horizontal,99.588376,-100.664123,-90.0,top
J4,USB_C_Receptacle_USB2.0_16P,USB_C_Receptacle_GCT_USB4105-xx-A_16P_TopMnt_Horizontal,292.859376,-192.274123,90.0,top
LD1,LED_Small,LED_0603_1608Metric,280.871892,-89.094123,-90.0,top
LD10,LED_Small,LED_0603_1608Metric,269.441883,-172.914123,-90.0,top
LD11,LED_Small,LED_0603_1608Metric,240.866892,-89.094123,-90.0,top
LD12,LED_Small,LED_0603_1608Metric,246.581886,-110.049123,-90.0,top
LD13,LED_Small,LED_0603_1608Metric,257.059376,-131.004123,-90.0,top
LD14,LED_Small,LED_0603_1608Metric,253.24938,-151.959123,-90.0,top
LD15,LED_Small,LED_0603_1608Metric,249.439383,-172.914123,-90.0,top
LD16,LED_Small,LED_0603_1608Metric,226.273326,-168.934859,-110.0,top
LD17,LED_Small,LED_0603_1608Metric,219.076407,-188.562025,-110.0,top
LD18,LED_Small,LED_0603_1608Metric,202.038337,-174.251646,-110.0,top
LD19,LED_Small,LED_0603_1608Metric,124.355878,-80.829116,0.0,top
LD2,LED_Small,LED_0603_1608Metric,286.586886,-110.049123,-90.0,top
LD20,LED_Small,LED_0603_1608Metric,145.310878,-77.019119,0.0,top
LD21,LED_Small,LED_0603_1608Metric,166.265878,-73.209123,0.0,top
LD22,LED_Small,LED_0603_1608Metric,187.220878,-83.686613,0.0,top
LD23,LED_Small,LED_0603_1608Metric,208.175878,-89.401607,0.0,top
LD24,LED_Small,LED_0603_1608Metric,124.355878,-100.831616,0.0,top
LD25,LED_Small,LED_0603_1608Metric,145.310878,-97.021619,0.0,top
LD26,LED_Small,LED_0603_1608Metric,166.265878,-93.211623,0.0,top
LD27,LED_Small,LED_0603_1608Metric,187.220878,-103.689113,0.0,top
LD28,LED_Small,LED_0603_1608Metric,208.175878,-109.404107,0.0,top
LD29,LED_Small,LED_0603_1608Metric,124.355878,-120.834116,0.0,top
LD3,LED_Small,LED_0603_1608Metric,297.064376,-131.004123,-90.0,top
LD30,LED_Small,LED_0603_1608Metric,145.310878,-117.024119,0.0,top
LD31,LED_Small,LED_0603_1608Metric,166.265878,-113.214123,0.0,top
LD32,LED_Small,LED_0603_1608Metric,187.220878,-123.691613,0.0,top
LD33,LED_Small,LED_0603_1608Metric,208.175878,-129.406607,0.0,top
LD34,LED_Small,LED_0603_1608Metric,108.707934,-151.197092,20.0,top
LD35,LED_Small,LED_0603_1608Metric,128.33512,-144.000173,20.0,top
LD36,LED_Small,LED_0603_1608Metric,123.018334,-168.235162,20.0,top
LD4,LED_Small,LED_0603_1608Metric,293.25438,-151.959123,-90.0,top
LD5,LED_Small,LED_0603_1608Metric,289.444383,-172.914123,-90.0,top
LD6,LED_Small,LED_0603_1608Metric,260.869392,-89.094123,-90.0,top
LD7,LED_Small,LED_0603_1608Metric,266.584386,-110.049123,-90.0,top
LD8,LED_Small,LED_0603_1608Metric,277.061876,-131.004123,-90.0,top
LD9,LED_Small,LED_0603_1608Metric,273.25188,-151.959123,-90.0,top
OSW1,SW_Push,SW_SPST_TL3342,260.299376,-199.017623,-90.0,top
OSW2,SW_Push,SW_SPST_TL3342,240.719376,-193.024123,-90.0,top
R1,27,R_0402_1005Metric,261.129376,-189.984123,180.0,top
R10,1k,R_0402_1005Metric,247.339376,-188.814123,180.0,top
R11,10k,R_0402_1005Metric,248.769376,-196.384123,180.0,top
R12,3k,R_0402_1005Metric,234.219376,-186.667623,-90.0,top
R13,10k,R_0402_1005Metric,232.219376,-186.697623,90.0,top
R14,10k,R_0402_1005Metric,232.709376,-196.507623,90.0,top
R15,470,R_0805_2012Metric_Pad1.20x1.40mm_HandSolder,255.099376,-196.797623,0.0,top
R16,330,R_0805_2012Metric_Pad1.20x1.40mm_HandSolder,254.689376,-202.267623,0.0,top
R17,10k,R_0402_1005Metric,105.545876,-114.704123,135.0,top
R18,3k,R_0402_1005Metric,109.329376,-140.664123,180.0,top
R19,10k,R_0402_1005Metric,109.269376,-138.614123,0.0,top
R2,27,R_0402_1005Metric,261.159376,-191.044123,180.0,top
R20,10k,R_0402_1005Metric,99.429376,-139.114123,0.0,top
R3,2.2k,R_0402_1005Metric,270.039376,-188.017623,0.0,top
R4,2.2k,R_0402_1005Metric,269.069376,-189.074123,0.0,top
R5,4.7k,R_0402_1005Metric,254.899376,-183.634123,-90.0,top
R6,4.7k,R_0402_1005Metric,253.774376,-183.609123,-90.0,top
R7,5.1k,R_0402_1005Metric,287.099376,-190.524123,0.0,top
R8,5.1k,R_0402_1005Metric,286.899376,-193.694123,0.0,top
R9,1k,R_0402_1005Metric,262.759376,-191.654123,90.0,top
TP1,TestPoint,TestPoint_Pad_D2.0mm,290.779376,-199.954123,-90.0,top
TP2,TestPoint,TestPoint_Pad_D2.0mm,281.749376,-196.774123,-90.0,top
TP3,TestPoint,TestPoint_Pad_D2.0mm,246.279376,-193.184123,-90.0,top
TP4,TestPoint,TestPoint_Pad_D2.0mm,246.149376,-196.294123,-90.0,top
TP5,TestPoint,TestPoint_Pad_D2.0mm,282.059376,-186.484123,-90.0,top
TP6,TestPoint,TestPoint_Pad_D2.0mm,107.945876,-84.734123,0.0,top
U1,W25Q128JVSIQ,SOIC127P790X216-8N,264.379376,-185.374123,180.0,top
U2,RP2040,QFN-56-1EP_7x7mm_P0.4mm_EP3.2x3.2mm,253.549376,-189.636623,-90.0,top
U3,NCP1117LPST33T3G,SOT230P700X175-4N,275.524376,-186.411623,180.0,top
U4,OPT3001DNPR,SON65P200X200X65-7N,251.259376,-198.387623,-90.0,top
U5,NCP1117LPST33T3G,SOT230P700X175-4N,108.115876,-89.914123,0.0,top
U6,MCP23017T-E/ML,QFN28_6x6MC_MCH,100.775876,-112.854123,45.0,top
U7,OPT3001DNPR,SON65P200X200X65-7N,97.755876,-120.964123,180.0,top
Y1,ABM8-272-T3,Crystal_SMD_3225-4Pin_3.2x2.5mm,246.689376,-186.114123,-90.0,top
